[{"subject_id":1,"infancy_vac":"wP","biological_sex":"Female","ethnicity":"Not Hispanic or Latino","race":"White","year_of_birth":"1986-01-01","date_of_boost":"2016-09-12","study_name":"2020_dataset"}, 
 {"subject_id":2,"infancy_vac":"wP","biological_sex":"Female","ethnicity":"Not Hispanic or Latino","race":"White","year_of_birth":"1968-01-01","date_of_boost":"2019-01-28","study_name":"2020_dataset"}, 
 {"subject_id":3,"infancy_vac":"wP","biological_sex":"Female","ethnicity":"Unknown","race":"White","year_of_birth":"1983-01-01","date_of_boost":"2016-10-10","study_name":"2020_dataset"}, 
 {"subject_id":4,"infancy_vac":"wP","biological_sex":"Male","ethnicity":"Not Hispanic or Latino","race":"Asian","year_of_birth":"1988-01-01","date_of_boost":"2016-08-29","study_name":"2020_dataset"}, 
 {"subject_id":5,"infancy_vac":"wP","biological_sex":"Male","ethnicity":"Not Hispanic or Latino","race":"Asian","year_of_birth":"1991-01-01","date_of_boost":"2016-08-29","study_name":"2020_dataset"}, 
 {"subject_id":6,"infancy_vac":"wP","biological_sex":"Female","ethnicity":"Not Hispanic or Latino","race":"White","year_of_birth":"1988-01-01","date_of_boost":"2016-10-10","study_name":"2020_dataset"}, 
 {"subject_id":7,"infancy_vac":"wP","biological_sex":"Female","ethnicity":"Hispanic or Latino","race":"More Than One Race","year_of_birth":"1981-01-01","date_of_boost":"2016-11-07","study_name":"2020_dataset"}, 
 {"subject_id":8,"infancy_vac":"wP","biological_sex":"Female","ethnicity":"Not Hispanic or Latino","race":"White","year_of_birth":"1985-01-01","date_of_boost":"2019-02-25","study_name":"2020_dataset"}, 
 {"subject_id":9,"infancy_vac":"aP","biological_sex":"Male","ethnicity":"Not Hispanic or Latino","race":"Asian","year_of_birth":"1996-01-01","date_of_boost":"2016-07-25","study_name":"2020_dataset"}, 
 {"subject_id":10,"infancy_vac":"wP","biological_sex":"Female","ethnicity":"Not Hispanic or Latino","race":"Asian","year_of_birth":"1982-01-01","date_of_boost":"2016-07-25","study_name":"2020_dataset"}, 
 {"subject_id":11,"infancy_vac":"wP","biological_sex":"Female","ethnicity":"Hispanic or Latino","race":"Unknown or Not Reported","year_of_birth":"1986-01-01","date_of_boost":"2016-08-29","study_name":"2020_dataset"}, 
 {"subject_id":12,"infancy_vac":"wP","biological_sex":"Male","ethnicity":"Not Hispanic or Latino","race":"Asian","year_of_birth":"1982-01-01","date_of_boost":"2016-07-25","study_name":"2020_dataset"}, 
 {"subject_id":13,"infancy_vac":"aP","biological_sex":"Male","ethnicity":"Not Hispanic or Latino","race":"White","year_of_birth":"1997-01-01","date_of_boost":"2016-07-25","study_name":"2020_dataset"}, 
 {"subject_id":14,"infancy_vac":"wP","biological_sex":"Male","ethnicity":"Not Hispanic or Latino","race":"White","year_of_birth":"1993-01-01","date_of_boost":"2016-08-15","study_name":"2020_dataset"}, 
 {"subject_id":15,"infancy_vac":"wP","biological_sex":"Male","ethnicity":"Not Hispanic or Latino","race":"Asian","year_of_birth":"1989-01-01","date_of_boost":"2016-08-15","study_name":"2020_dataset"}, 
 {"subject_id":16,"infancy_vac":"wP","biological_sex":"Female","ethnicity":"Hispanic or Latino","race":"Unknown or Not Reported","year_of_birth":"1987-01-01","date_of_boost":"2016-07-25","study_name":"2020_dataset"}, 
 {"subject_id":17,"infancy_vac":"wP","biological_sex":"Female","ethnicity":"Hispanic or Latino","race":"White","year_of_birth":"1980-01-01","date_of_boost":"2016-09-12","study_name":"2020_dataset"}, 
 {"subject_id":18,"infancy_vac":"aP","biological_sex":"Female","ethnicity":"Hispanic or Latino","race":"Unknown or Not Reported","year_of_birth":"1997-01-01","date_of_boost":"2016-08-29","study_name":"2020_dataset"}, 
 {"subject_id":19,"infancy_vac":"wP","biological_sex":"Male","ethnicity":"Not Hispanic or Latino","race":"Asian","year_of_birth":"1994-01-01","date_of_boost":"2016-09-26","study_name":"2020_dataset"}, 
 {"subject_id":61,"infancy_vac":"wP","biological_sex":"Female","ethnicity":"Not Hispanic or Latino","race":"Unknown or Not Reported","year_of_birth":"1987-01-01","date_of_boost":"2019-04-08","study_name":"2021_dataset"}, 
 {"subject_id":62,"infancy_vac":"wP","biological_sex":"Female","ethnicity":"Not Hispanic or Latino","race":"Asian","year_of_birth":"1993-01-01","date_of_boost":"2018-11-26","study_name":"2021_dataset"}, 
 {"subject_id":63,"infancy_vac":"wP","biological_sex":"Female","ethnicity":"Not Hispanic or Latino","race":"White","year_of_birth":"1995-01-01","date_of_boost":"2018-11-26","study_name":"2021_dataset"}, 
 {"subject_id":64,"infancy_vac":"wP","biological_sex":"Male","ethnicity":"Not Hispanic or Latino","race":"Asian","year_of_birth":"1993-01-01","date_of_boost":"2018-11-26","study_name":"2021_dataset"}, 
 {"subject_id":65,"infancy_vac":"wP","biological_sex":"Male","ethnicity":"Not Hispanic or Latino","race":"White","year_of_birth":"1990-01-01","date_of_boost":"2018-12-03","study_name":"2021_dataset"}, 
 {"subject_id":66,"infancy_vac":"wP","biological_sex":"Female","ethnicity":"Not Hispanic or Latino","race":"Black or African American","year_of_birth":"1976-01-01","date_of_boost":"2018-12-03","study_name":"2021_dataset"}, 
 {"subject_id":67,"infancy_vac":"wP","biological_sex":"Female","ethnicity":"Hispanic or Latino","race":"White","year_of_birth":"1972-01-01","date_of_boost":"2019-01-28","study_name":"2021_dataset"}, 
 {"subject_id":68,"infancy_vac":"wP","biological_sex":"Male","ethnicity":"Hispanic or Latino","race":"White","year_of_birth":"1972-01-01","date_of_boost":"2019-01-28","study_name":"2021_dataset"}, 
 {"subject_id":69,"infancy_vac":"wP","biological_sex":"Female","ethnicity":"Hispanic or Latino","race":"White","year_of_birth":"1990-01-01","date_of_boost":"2019-01-28","study_name":"2021_dataset"}, 
 {"subject_id":70,"infancy_vac":"aP","biological_sex":"Male","ethnicity":"Not Hispanic or Latino","race":"American Indian/Alaska Native","year_of_birth":"1998-01-01","date_of_boost":"2019-01-28","study_name":"2021_dataset"}, 
 {"subject_id":71,"infancy_vac":"aP","biological_sex":"Female","ethnicity":"Not Hispanic or Latino","race":"White","year_of_birth":"1998-01-01","date_of_boost":"2019-01-28","study_name":"2021_dataset"}, 
 {"subject_id":72,"infancy_vac":"wP","biological_sex":"Female","ethnicity":"Not Hispanic or Latino","race":"White","year_of_birth":"1991-01-01","date_of_boost":"2019-02-25","study_name":"2021_dataset"}, 
 {"subject_id":73,"infancy_vac":"wP","biological_sex":"Female","ethnicity":"Not Hispanic or Latino","race":"White","year_of_birth":"1995-01-01","date_of_boost":"2019-02-25","study_name":"2021_dataset"}, 
 {"subject_id":74,"infancy_vac":"wP","biological_sex":"Female","ethnicity":"Not Hispanic or Latino","race":"White","year_of_birth":"1995-01-01","date_of_boost":"2019-02-25","study_name":"2021_dataset"}, 
 {"subject_id":75,"infancy_vac":"aP","biological_sex":"Female","ethnicity":"Not Hispanic or Latino","race":"Native Hawaiian or Other Pacific Islander","year_of_birth":"1998-01-01","date_of_boost":"2019-02-25","study_name":"2021_dataset"}, 
 {"subject_id":76,"infancy_vac":"aP","biological_sex":"Female","ethnicity":"Not Hispanic or Latino","race":"Asian","year_of_birth":"1998-01-01","date_of_boost":"2019-02-25","study_name":"2021_dataset"}, 
 {"subject_id":77,"infancy_vac":"wP","biological_sex":"Male","ethnicity":"Not Hispanic or Latino","race":"White","year_of_birth":"1988-01-01","date_of_boost":"2019-03-18","study_name":"2021_dataset"}, 
 {"subject_id":78,"infancy_vac":"wP","biological_sex":"Female","ethnicity":"Not Hispanic or Latino","race":"White","year_of_birth":"1993-01-01","date_of_boost":"2019-03-18","study_name":"2021_dataset"}, 
 {"subject_id":79,"infancy_vac":"wP","biological_sex":"Male","ethnicity":"Not Hispanic or Latino","race":"White","year_of_birth":"1987-01-01","date_of_boost":"2019-03-18","study_name":"2021_dataset"}, 
 {"subject_id":80,"infancy_vac":"wP","biological_sex":"Female","ethnicity":"Not Hispanic or Latino","race":"Asian","year_of_birth":"1992-01-01","date_of_boost":"2019-03-18","study_name":"2021_dataset"}, 
 {"subject_id":81,"infancy_vac":"wP","biological_sex":"Male","ethnicity":"Not Hispanic or Latino","race":"White","year_of_birth":"1993-01-01","date_of_boost":"2019-03-18","study_name":"2021_dataset"}, 
 {"subject_id":82,"infancy_vac":"aP","biological_sex":"Female","ethnicity":"Not Hispanic or Latino","race":"More Than One Race","year_of_birth":"1998-01-01","date_of_boost":"2019-03-18","study_name":"2021_dataset"}, 
 {"subject_id":83,"infancy_vac":"aP","biological_sex":"Female","ethnicity":"Not Hispanic or Latino","race":"White","year_of_birth":"1999-01-01","date_of_boost":"2019-04-08","study_name":"2021_dataset"}, 
 {"subject_id":84,"infancy_vac":"aP","biological_sex":"Female","ethnicity":"Not Hispanic or Latino","race":"More Than One Race","year_of_birth":"1997-01-01","date_of_boost":"2019-04-08","study_name":"2021_dataset"}, 
 {"subject_id":85,"infancy_vac":"aP","biological_sex":"Female","ethnicity":"Hispanic or Latino","race":"White","year_of_birth":"2000-01-01","date_of_boost":"2019-04-29","study_name":"2021_dataset"}, 
 {"subject_id":86,"infancy_vac":"aP","biological_sex":"Female","ethnicity":"Not Hispanic or Latino","race":"Asian","year_of_birth":"1998-01-01","date_of_boost":"2019-04-29","study_name":"2021_dataset"}, 
 {"subject_id":87,"infancy_vac":"aP","biological_sex":"Male","ethnicity":"Not Hispanic or Latino","race":"Asian","year_of_birth":"2000-01-01","date_of_boost":"2019-04-29","study_name":"2021_dataset"}, 
 {"subject_id":88,"infancy_vac":"aP","biological_sex":"Male","ethnicity":"Not Hispanic or Latino","race":"Asian","year_of_birth":"2000-01-01","date_of_boost":"2019-04-29","study_name":"2021_dataset"}, 
 {"subject_id":89,"infancy_vac":"aP","biological_sex":"Female","ethnicity":"Not Hispanic or Latino","race":"Asian","year_of_birth":"1997-01-01","date_of_boost":"2019-06-03","study_name":"2021_dataset"}, 
 {"subject_id":90,"infancy_vac":"aP","biological_sex":"Female","ethnicity":"Not Hispanic or Latino","race":"Asian","year_of_birth":"1999-01-01","date_of_boost":"2019-06-03","study_name":"2021_dataset"}, 
 {"subject_id":91,"infancy_vac":"aP","biological_sex":"Male","ethnicity":"Unknown","race":"Unknown or Not Reported","year_of_birth":"1998-01-01","date_of_boost":"2019-06-03","study_name":"2021_dataset"}, 
 {"subject_id":92,"infancy_vac":"aP","biological_sex":"Female","ethnicity":"Hispanic or Latino","race":"White","year_of_birth":"2000-01-01","date_of_boost":"2019-06-24","study_name":"2021_dataset"}, 
 {"subject_id":93,"infancy_vac":"aP","biological_sex":"Female","ethnicity":"Not Hispanic or Latino","race":"More Than One Race","year_of_birth":"1996-01-01","date_of_boost":"2019-06-24","study_name":"2021_dataset"}, 
 {"subject_id":94,"infancy_vac":"aP","biological_sex":"Male","ethnicity":"Not Hispanic or Latino","race":"Unknown or Not Reported","year_of_birth":"1999-01-01","date_of_boost":"2019-06-24","study_name":"2021_dataset"}, 
 {"subject_id":95,"infancy_vac":"aP","biological_sex":"Female","ethnicity":"Hispanic or Latino","race":"Unknown or Not Reported","year_of_birth":"1998-01-01","date_of_boost":"2019-06-24","study_name":"2021_dataset"}, 
 {"subject_id":96,"infancy_vac":"aP","biological_sex":"Male","ethnicity":"Hispanic or Latino","race":"Unknown or Not Reported","year_of_birth":"2000-01-01","date_of_boost":"2019-06-24","study_name":"2021_dataset"}, 
 {"subject_id":20,"infancy_vac":"wP","biological_sex":"Female","ethnicity":"Not Hispanic or Latino","race":"White","year_of_birth":"1981-01-01","date_of_boost":"2016-08-29","study_name":"2020_dataset"}, 
 {"subject_id":21,"infancy_vac":"wP","biological_sex":"Male","ethnicity":"Not Hispanic or Latino","race":"White","year_of_birth":"1983-01-01","date_of_boost":"2016-08-29","study_name":"2020_dataset"}, 
 {"subject_id":22,"infancy_vac":"wP","biological_sex":"Female","ethnicity":"Not Hispanic or Latino","race":"White","year_of_birth":"1985-01-01","date_of_boost":"2016-08-29","study_name":"2020_dataset"}, 
 {"subject_id":23,"infancy_vac":"wP","biological_sex":"Female","ethnicity":"Not Hispanic or Latino","race":"White","year_of_birth":"1991-01-01","date_of_boost":"2016-09-26","study_name":"2020_dataset"}, 
 {"subject_id":24,"infancy_vac":"wP","biological_sex":"Female","ethnicity":"Not Hispanic or Latino","race":"Asian","year_of_birth":"1992-01-01","date_of_boost":"2016-09-13","study_name":"2020_dataset"}, 
 {"subject_id":25,"infancy_vac":"wP","biological_sex":"Female","ethnicity":"Not Hispanic or Latino","race":"Black or African American","year_of_birth":"1988-01-01","date_of_boost":"2016-09-13","study_name":"2020_dataset"}, 
 {"subject_id":26,"infancy_vac":"wP","biological_sex":"Female","ethnicity":"Hispanic or Latino","race":"Unknown or Not Reported","year_of_birth":"1983-01-01","date_of_boost":"2016-09-26","study_name":"2020_dataset"}, 
 {"subject_id":27,"infancy_vac":"aP","biological_sex":"Female","ethnicity":"Not Hispanic or Latino","race":"Asian","year_of_birth":"1997-01-01","date_of_boost":"2016-09-26","study_name":"2020_dataset"}, 
 {"subject_id":28,"infancy_vac":"wP","biological_sex":"Male","ethnicity":"Unknown","race":"Unknown or Not Reported","year_of_birth":"1982-01-01","date_of_boost":"2016-09-26","study_name":"2020_dataset"}, 
 {"subject_id":29,"infancy_vac":"aP","biological_sex":"Male","ethnicity":"Hispanic or Latino","race":"White","year_of_birth":"1997-01-01","date_of_boost":"2016-09-26","study_name":"2020_dataset"}, 
 {"subject_id":30,"infancy_vac":"wP","biological_sex":"Female","ethnicity":"Hispanic or Latino","race":"White","year_of_birth":"1988-01-01","date_of_boost":"2016-09-26","study_name":"2020_dataset"}, 
 {"subject_id":31,"infancy_vac":"wP","biological_sex":"Female","ethnicity":"Not Hispanic or Latino","race":"Asian","year_of_birth":"1989-01-01","date_of_boost":"2016-09-26","study_name":"2020_dataset"}, 
 {"subject_id":32,"infancy_vac":"aP","biological_sex":"Male","ethnicity":"Not Hispanic or Latino","race":"Native Hawaiian or Other Pacific Islander","year_of_birth":"1997-01-01","date_of_boost":"2016-10-24","study_name":"2020_dataset"}, 
 {"subject_id":33,"infancy_vac":"wP","biological_sex":"Male","ethnicity":"Hispanic or Latino","race":"More Than One Race","year_of_birth":"1990-01-01","date_of_boost":"2016-10-10","study_name":"2020_dataset"}, 
 {"subject_id":34,"infancy_vac":"wP","biological_sex":"Female","ethnicity":"Hispanic or Latino","race":"Unknown or Not Reported","year_of_birth":"1983-01-01","date_of_boost":"2016-10-24","study_name":"2020_dataset"}, 
 {"subject_id":35,"infancy_vac":"wP","biological_sex":"Male","ethnicity":"Unknown","race":"White","year_of_birth":"1991-01-01","date_of_boost":"2016-10-10","study_name":"2020_dataset"}, 
 {"subject_id":36,"infancy_vac":"aP","biological_sex":"Female","ethnicity":"Hispanic or Latino","race":"White","year_of_birth":"1997-01-01","date_of_boost":"2016-10-24","study_name":"2020_dataset"}, 
 {"subject_id":37,"infancy_vac":"aP","biological_sex":"Female","ethnicity":"Not Hispanic or Latino","race":"More Than One Race","year_of_birth":"1998-01-01","date_of_boost":"2016-11-07","study_name":"2020_dataset"}, 
 {"subject_id":38,"infancy_vac":"aP","biological_sex":"Female","ethnicity":"Not Hispanic or Latino","race":"White","year_of_birth":"1997-01-01","date_of_boost":"2016-10-24","study_name":"2020_dataset"}, 
 {"subject_id":39,"infancy_vac":"wP","biological_sex":"Female","ethnicity":"Not Hispanic or Latino","race":"White","year_of_birth":"1985-01-01","date_of_boost":"2016-10-24","study_name":"2020_dataset"}, 
 {"subject_id":40,"infancy_vac":"wP","biological_sex":"Female","ethnicity":"Not Hispanic or Latino","race":"Asian","year_of_birth":"1994-01-01","date_of_boost":"2016-10-24","study_name":"2020_dataset"}, 
 {"subject_id":41,"infancy_vac":"wP","biological_sex":"Male","ethnicity":"Not Hispanic or Latino","race":"White","year_of_birth":"1985-01-01","date_of_boost":"2016-11-07","study_name":"2020_dataset"}, 
 {"subject_id":42,"infancy_vac":"aP","biological_sex":"Female","ethnicity":"Not Hispanic or Latino","race":"Asian","year_of_birth":"1997-01-01","date_of_boost":"2016-11-07","study_name":"2020_dataset"}, 
 {"subject_id":43,"infancy_vac":"aP","biological_sex":"Female","ethnicity":"Not Hispanic or Latino","race":"More Than One Race","year_of_birth":"1998-01-01","date_of_boost":"2016-11-07","study_name":"2020_dataset"}, 
 {"subject_id":44,"infancy_vac":"aP","biological_sex":"Female","ethnicity":"Hispanic or Latino","race":"More Than One Race","year_of_birth":"1998-01-01","date_of_boost":"2016-11-07","study_name":"2020_dataset"}, 
 {"subject_id":45,"infancy_vac":"aP","biological_sex":"Female","ethnicity":"Not Hispanic or Latino","race":"Asian","year_of_birth":"1997-01-01","date_of_boost":"2016-11-28","study_name":"2020_dataset"}, 
 {"subject_id":46,"infancy_vac":"aP","biological_sex":"Female","ethnicity":"Not Hispanic or Latino","race":"Unknown or Not Reported","year_of_birth":"1998-01-01","date_of_boost":"2016-11-07","study_name":"2020_dataset"}, 
 {"subject_id":47,"infancy_vac":"aP","biological_sex":"Female","ethnicity":"Not Hispanic or Latino","race":"White","year_of_birth":"1996-01-01","date_of_boost":"2016-11-28","study_name":"2020_dataset"}, 
 {"subject_id":48,"infancy_vac":"aP","biological_sex":"Female","ethnicity":"Not Hispanic or Latino","race":"White","year_of_birth":"1998-01-01","date_of_boost":"2017-01-17","study_name":"2020_dataset"}, 
 {"subject_id":49,"infancy_vac":"aP","biological_sex":"Female","ethnicity":"Not Hispanic or Latino","race":"White","year_of_birth":"1997-01-01","date_of_boost":"2017-01-17","study_name":"2020_dataset"}, 
 {"subject_id":50,"infancy_vac":"aP","biological_sex":"Female","ethnicity":"Not Hispanic or Latino","race":"Asian","year_of_birth":"1997-01-01","date_of_boost":"2016-11-28","study_name":"2020_dataset"}, 
 {"subject_id":51,"infancy_vac":"aP","biological_sex":"Male","ethnicity":"Not Hispanic or Latino","race":"White","year_of_birth":"1997-01-01","date_of_boost":"2016-11-28","study_name":"2020_dataset"}, 
 {"subject_id":52,"infancy_vac":"aP","biological_sex":"Male","ethnicity":"Not Hispanic or Latino","race":"More Than One Race","year_of_birth":"1998-01-01","date_of_boost":"2017-01-03","study_name":"2020_dataset"}, 
 {"subject_id":53,"infancy_vac":"aP","biological_sex":"Female","ethnicity":"Hispanic or Latino","race":"Unknown or Not Reported","year_of_birth":"1998-01-01","date_of_boost":"2017-01-03","study_name":"2020_dataset"}, 
 {"subject_id":54,"infancy_vac":"aP","biological_sex":"Female","ethnicity":"Not Hispanic or Latino","race":"Asian","year_of_birth":"1997-01-01","date_of_boost":"2017-01-17","study_name":"2020_dataset"}, 
 {"subject_id":55,"infancy_vac":"aP","biological_sex":"Female","ethnicity":"Not Hispanic or Latino","race":"Asian","year_of_birth":"1997-01-01","date_of_boost":"2017-01-17","study_name":"2020_dataset"}, 
 {"subject_id":56,"infancy_vac":"aP","biological_sex":"Female","ethnicity":"Not Hispanic or Latino","race":"Asian","year_of_birth":"1997-01-01","date_of_boost":"2017-01-30","study_name":"2020_dataset"}, 
 {"subject_id":57,"infancy_vac":"aP","biological_sex":"Female","ethnicity":"Not Hispanic or Latino","race":"Asian","year_of_birth":"1996-01-01","date_of_boost":"2017-01-30","study_name":"2020_dataset"}, 
 {"subject_id":58,"infancy_vac":"aP","biological_sex":"Female","ethnicity":"Hispanic or Latino","race":"Unknown or Not Reported","year_of_birth":"1997-01-01","date_of_boost":"2017-01-30","study_name":"2020_dataset"}, 
 {"subject_id":59,"infancy_vac":"aP","biological_sex":"Female","ethnicity":"Hispanic or Latino","race":"More Than One Race","year_of_birth":"1997-01-01","date_of_boost":"2017-01-30","study_name":"2020_dataset"}, 
 {"subject_id":60,"infancy_vac":"aP","biological_sex":"Male","ethnicity":"Hispanic or Latino","race":"White","year_of_birth":"1997-01-01","date_of_boost":"2017-01-30","study_name":"2020_dataset"}]